<?xml version="1.0" encoding="UTF-8"?>
<!DOCTYPE hibernate-configuration SYSTEM 
"http://www.hibernate.org/dtd/hibernate-configuration-3.0.dtd">

<hibernate-configuration>
	<session-factory>
		<property name="hibernate.dialect">
			org.hibernate.dialect.MySQLDialect
		</property>
		<property name="hibernate.connection.driver_class">
			com.mysql.jdbc.Driver
		</property>

		<!-- Assume test is the database name -->
		<property name="hibernate.connection.url">
			jdbc:mysql://localhost:3306/rmc
		</property>
		<property name="hibernate.connection.username">
			root
		</property>
		<property name="hibernate.connection.password">
			yashik
		</property>

		<mapping class="com.rmc.entity.AddressEntity" />
		<mapping class="com.rmc.entity.AdminEntity" />
		<mapping class="com.rmc.entity.ParentEntity" />
		<mapping class="com.rmc.entity.StudentEntity" />
		<mapping class="com.rmc.entity.TestEntity" />
		<mapping class="com.rmc.entity.TestStudentEntity" />
		<mapping class="com.rmc.entity.MessageEntity" />
		<mapping class="com.rmc.entity.AttendanceEntity" />

	</session-factory>
</hibernate-configuration>