<!DOCTYPE log4j:configuration PUBLIC
  "-//APACHE//DTD LOG4J 1.2//EN" "http://logging.apache.org/log4j/1.2/apidocs/org/apache/log4j/xml/doc-files/log4j.dtd">
<log4j:configuration debug="false"
	xmlns:log4j='http://jakarta.apache.org/log4j/'>
	<appender name="ERROR_LOG_FILE" class="org.apache.log4j.FileAppender">
		<param name="File" value="${user.home}/Desktop/Logs/ErrorLog.log" />
		<param name="Append" value="true" />
		<layout class="org.apache.log4j.PatternLayout">
			<param name="ConversionPattern"
				value="%d{yyyy-MM-dd hh:mm:ss,SSS}  %5p [%t] %c [%M] - %m%n" />
		</layout>
	</appender>

	<logger name="com.rmc">
		<level value="all" />
		<appender-ref ref="ERROR_LOG_FILE" />
	</logger>
</log4j:configuration> 